{
  "wsize": 9,
  "rec_w": 2.036929393776928,
  "safe_th": 1.0750943367360357,
  "four_boost": 2.020309392075182
}