{
  "wsize": 7,
  "rec_w": 1.9508055256062173,
  "safe_th": 1.5972644430448433,
  "four_boost": 5.705186993344235,
  "lstm_weight": 0.8796794378204814,
  "lstm_seq_len": 73,
  "hmm_weight": 0.5960545595937512,
  "sp_cold_threshold": 6,
  "sp_neighbor_bonus1": 4.788454432920525,
  "sp_neighbor_bonus2": 3.9033402693252413,
  "sp_recent_penalty": 0.8166047076501177,
  "sp_lstm_weight": 0.6533462312159815,
  "two_lstm_w": 0.22053664065465384,
  "two_hmm_w": 0.14768716767344137,
  "three_lstm_w": 0.7703118760190082,
  "three_hmm_w": 0.005318053509924883
}