{
  "wsize": 10,
  "rec_w": 1.141819668825117,
  "safe_th": 1.2391508408005372,
  "four_boost": 4.278111564863948,
  "lstm_weight": 0.9032770154026797,
  "lstm_seq_len": 46,
  "hmm_weight": 0.7715018299010253,
  "sp_cold_threshold": 8,
  "sp_neighbor_bonus1": 4.831836155412544,
  "sp_neighbor_bonus2": 0.8784343156223717,
  "sp_recent_penalty": 0.8660671033907915,
  "sp_lstm_weight": 0.18555914602175883,
  "two_lstm_w": 0.5754693888092184,
  "two_hmm_w": 0.15771914503599568,
  "three_lstm_w": 0.7778624024886012,
  "three_hmm_w": 0.178697046644483
}