{
  "wsize": 9,
  "rec_w": 0.3002761098158457,
  "safe_th": 1.8973069423838143,
  "four_boost": 0.8779766363174184
}