{
  "wsize": 9,
  "rec_w": 0.3003617972516701,
  "safe_th": 1.7732767281621888,
  "four_boost": 1.9911987363260437
}