{
  "wsize": 9,
  "rec_w": 3.807785794998673,
  "safe_th": 1.9371872778039507,
  "four_boost": 3.7123533599231084
}